Month,MBC
December,402.2798086
December,462.5994328
December,388.7917539
June,571.9900893
June,746.4314954
June,766.1112759
March,898.7012469
March,1019.972065
March,931.0119565
September,498.2170803
September,591.2935185
September,511.782562